code,date,open,close,high,low,volume
SH.688122,2021-09-27 10:00:00,75.67,73.99,76.8,73.4,1142100.0
SH.688122,2021-09-27 10:30:00,73.8,72.18,73.98,71.6,2450700.0
SH.688122,2021-09-27 11:00:00,72.19,71.33,72.71,70.83,1041900.0
SH.688122,2021-09-27 11:30:00,71.17,69.81,71.67,69.0,1369800.0
SH.688122,2021-09-27 13:30:00,70.1,73.11,73.11,69.81,1074100.0
SH.688122,2021-09-27 14:00:00,73.01,73.14,73.35,72.8,617200.0
SH.688122,2021-09-27 14:30:00,73.14,73.17,73.49,73.0,351800.0
SH.688122,2021-09-27 15:00:00,73.17,72.75,73.44,72.75,712500.0
SH.688122,2021-09-28 10:00:00,72.75,74.2,74.29,72.05,863600.0
SH.688122,2021-09-28 10:30:00,74.2,74.33,75.1,73.59,595700.0
SH.688122,2021-09-28 11:00:00,74.38,74.03,74.52,73.77,267400.0
SH.688122,2021-09-28 11:30:00,74.0,74.26,74.41,73.73,210800.0
SH.688122,2021-09-28 13:30:00,74.35,74.11,74.76,73.98,305100.0
SH.688122,2021-09-28 14:00:00,74.3,74.99,74.99,73.96,330300.0
SH.688122,2021-09-28 14:30:00,74.99,74.08,75.38,74.02,691000.0
SH.688122,2021-09-28 15:00:00,74.08,74.12,74.3,73.8,339100.0
SH.688122,2021-09-29 10:00:00,73.99,72.96,74.5,72.52,544700.0
SH.688122,2021-09-29 10:30:00,72.96,71.87,73.38,71.71,451800.0
SH.688122,2021-09-29 11:00:00,71.8,71.7,72.56,71.28,406100.0
SH.688122,2021-09-29 11:30:00,71.65,71.86,72.44,71.23,560700.0
SH.688122,2021-09-29 13:30:00,71.7,72.66,72.74,71.4,361700.0
SH.688122,2021-09-29 14:00:00,72.5,72.12,72.5,72.11,159400.0
SH.688122,2021-09-29 14:30:00,72.12,71.2,72.32,71.0,262300.0
SH.688122,2021-09-29 15:00:00,71.27,71.53,71.76,70.91,474900.0
SH.688122,2021-09-30 10:00:00,70.5,71.94,72.99,70.31,1440700.0
SH.688122,2021-09-30 10:30:00,71.89,69.96,72.0,69.9,1126300.0
SH.688122,2021-09-30 11:00:00,69.95,70.55,70.95,69.8,701200.0
SH.688122,2021-09-30 11:30:00,70.56,71.15,71.43,70.56,334300.0
SH.688122,2021-09-30 13:30:00,71.15,70.88,71.99,70.78,780100.0
SH.688122,2021-09-30 14:00:00,70.89,70.51,71.36,70.51,419700.0
SH.688122,2021-09-30 14:30:00,70.53,71.25,71.33,70.4,453300.0
SH.688122,2021-09-30 15:00:00,71.25,71.8,71.85,70.89,730500.0
SH.688122,2021-10-08 10:00:00,72.48,71.0,72.5,70.45,1084700.0
SH.688122,2021-10-08 10:30:00,71.0,70.9,71.27,70.3,506500.0
SH.688122,2021-10-08 11:00:00,70.9,70.92,71.15,70.36,363500.0
SH.688122,2021-10-08 11:30:00,70.87,70.14,70.89,69.88,227800.0
SH.688122,2021-10-08 13:30:00,70.0,69.98,70.3,69.81,211500.0
SH.688122,2021-10-08 14:00:00,69.97,70.31,70.69,69.92,304500.0
SH.688122,2021-10-08 14:30:00,70.3,70.73,71.18,70.26,359900.0
SH.688122,2021-10-08 15:00:00,70.86,70.78,71.3,70.58,470500.0
SH.688122,2021-10-11 10:00:00,70.98,72.85,72.87,70.0,1221300.0
SH.688122,2021-10-11 10:30:00,72.85,72.59,73.84,72.48,1836900.0
SH.688122,2021-10-11 11:00:00,72.59,71.76,72.82,71.01,1307400.0
SH.688122,2021-10-11 11:30:00,71.7,70.78,72.17,70.36,1010300.0
SH.688122,2021-10-11 13:30:00,71.26,69.85,71.5,69.67,1125900.0
SH.688122,2021-10-11 14:00:00,69.82,69.95,70.21,69.75,577000.0
SH.688122,2021-10-11 14:30:00,69.95,70.1,70.22,69.82,428400.0
SH.688122,2021-10-11 15:00:00,70.09,70.22,70.85,69.0,1162500.0
SH.688122,2021-10-12 10:00:00,69.92,70.1,71.09,68.41,991800.0
SH.688122,2021-10-12 10:30:00,70.01,70.19,71.0,69.92,560700.0
SH.688122,2021-10-12 11:00:00,70.19,69.7,70.25,69.54,246900.0
SH.688122,2021-10-12 11:30:00,69.7,69.8,69.99,69.23,384900.0
SH.688122,2021-10-12 13:30:00,70.2,68.82,70.28,68.7,475000.0
SH.688122,2021-10-12 14:00:00,68.82,69.24,69.48,68.12,577700.0
SH.688122,2021-10-12 14:30:00,69.4,69.39,69.86,68.9,415900.0
SH.688122,2021-10-12 15:00:00,69.4,69.7,69.84,69.33,305200.0
SH.688122,2021-10-13 10:00:00,70.0,71.37,71.4,69.02,999800.0
SH.688122,2021-10-13 10:30:00,71.37,72.36,72.72,71.1,1129600.0
SH.688122,2021-10-13 11:00:00,72.37,71.59,72.72,71.51,370100.0
SH.688122,2021-10-13 11:30:00,71.67,72.11,72.11,71.1,193800.0
SH.688122,2021-10-13 13:30:00,72.19,72.65,72.95,72.0,547800.0
SH.688122,2021-10-13 14:00:00,72.63,72.11,72.64,72.07,192300.0
SH.688122,2021-10-13 14:30:00,72.11,72.52,72.69,72.11,278500.0
SH.688122,2021-10-13 15:00:00,72.58,72.28,72.59,72.14,251200.0
SH.688122,2021-10-14 10:00:00,72.76,73.39,74.0,71.18,887500.0
SH.688122,2021-10-14 10:30:00,73.4,72.8,73.5,72.72,331100.0
SH.688122,2021-10-14 11:00:00,72.8,73.7,73.85,72.8,446900.0
SH.688122,2021-10-14 11:30:00,73.69,73.6,74.07,73.5,379100.0
SH.688122,2021-10-14 13:30:00,73.6,73.38,73.81,73.23,511800.0
SH.688122,2021-10-14 14:00:00,73.43,73.28,73.87,73.21,402100.0
SH.688122,2021-10-14 14:30:00,73.28,73.89,73.92,73.25,450700.0
SH.688122,2021-10-14 15:00:00,73.89,73.53,74.1,73.31,599500.0
SH.688122,2021-10-15 10:00:00,73.76,72.78,73.76,72.2,643700.0
SH.688122,2021-10-15 10:30:00,72.78,72.71,73.64,72.44,369400.0
SH.688122,2021-10-15 11:00:00,72.73,72.92,73.3,72.48,283100.0
SH.688122,2021-10-15 11:30:00,72.9,72.95,73.28,72.7,183000.0
SH.688122,2021-10-15 13:30:00,72.98,73.02,73.2,72.61,267100.0
SH.688122,2021-10-15 14:00:00,72.99,73.52,73.52,72.7,306900.0
SH.688122,2021-10-15 14:30:00,73.52,73.46,73.62,73.09,229100.0
SH.688122,2021-10-15 15:00:00,73.47,73.55,73.68,73.38,339300.0
SH.688122,2021-10-18 10:00:00,73.76,74.08,74.18,72.63,569700.0
SH.688122,2021-10-18 10:30:00,74.09,73.07,74.25,73.0,604300.0
SH.688122,2021-10-18 11:00:00,73.0,74.26,74.36,72.44,513000.0
SH.688122,2021-10-18 11:30:00,74.26,75.01,75.35,74.26,863300.0
SH.688122,2021-10-18 13:30:00,74.9,74.82,75.93,74.82,774200.0
SH.688122,2021-10-18 14:00:00,74.83,75.28,75.44,74.63,573000.0
SH.688122,2021-10-18 14:30:00,74.99,75.12,75.27,74.76,385300.0
SH.688122,2021-10-18 15:00:00,75.12,74.98,75.2,74.78,384100.0
SH.688122,2021-10-19 10:00:00,74.54,74.05,75.52,73.85,658000.0
SH.688122,2021-10-19 10:30:00,74.0,75.07,75.14,73.88,338400.0
SH.688122,2021-10-19 11:00:00,75.13,75.45,75.85,75.04,481300.0
SH.688122,2021-10-19 11:30:00,75.4,75.27,75.63,75.2,194200.0
SH.688122,2021-10-19 13:30:00,75.29,75.2,75.29,74.76,196300.0
SH.688122,2021-10-19 14:00:00,75.2,75.41,75.65,75.1,203700.0
SH.688122,2021-10-19 14:30:00,75.35,75.39,75.66,75.1,360800.0
SH.688122,2021-10-19 15:00:00,75.39,75.6,75.6,75.3,303000.0
SH.688122,2021-10-20 10:00:00,75.6,75.16,75.77,74.8,617500.0
SH.688122,2021-10-20 10:30:00,75.16,75.62,75.73,74.8,345900.0
SH.688122,2021-10-20 11:00:00,75.55,76.18,76.25,75.16,508000.0
SH.688122,2021-10-20 11:30:00,76.2,75.77,76.58,75.6,549300.0
SH.688122,2021-10-20 13:30:00,75.79,75.03,75.79,74.7,786300.0
SH.688122,2021-10-20 14:00:00,75.1,74.93,75.81,74.62,599800.0
SH.688122,2021-10-20 14:30:00,74.9,74.85,75.12,74.6,355200.0
SH.688122,2021-10-20 15:00:00,74.92,74.94,75.13,74.8,333200.0
SH.688122,2021-10-21 10:00:00,75.39,75.84,77.28,75.01,1013600.0
SH.688122,2021-10-21 10:30:00,75.82,75.25,75.99,75.12,324700.0
SH.688122,2021-10-21 11:00:00,75.2,74.13,75.22,73.98,918200.0
SH.688122,2021-10-21 11:30:00,74.08,73.87,74.09,73.35,383700.0
SH.688122,2021-10-21 13:30:00,73.95,73.91,74.77,73.86,273300.0
SH.688122,2021-10-21 14:00:00,73.91,73.81,74.15,73.61,268300.0
SH.688122,2021-10-21 14:30:00,73.78,73.7,74.16,73.66,283900.0
SH.688122,2021-10-21 15:00:00,73.69,73.71,74.32,73.61,464300.0
SH.688122,2021-10-22 10:00:00,77.8,76.22,79.5,75.67,3629500.0
SH.688122,2021-10-22 10:30:00,76.22,76.98,77.2,75.76,1049000.0
SH.688122,2021-10-22 11:00:00,76.99,75.95,76.99,75.61,548100.0
SH.688122,2021-10-22 11:30:00,75.98,75.8,75.98,75.26,355100.0
SH.688122,2021-10-22 13:30:00,75.84,77.36,77.5,75.84,785700.0
SH.688122,2021-10-22 14:00:00,77.38,77.09,77.42,76.46,617200.0
SH.688122,2021-10-22 14:30:00,77.09,76.49,77.2,76.43,648600.0
SH.688122,2021-10-22 15:00:00,76.5,76.27,77.0,75.86,608100.0
SH.688122,2021-10-25 10:00:00,76.8,78.13,79.79,76.63,1854200.0
SH.688122,2021-10-25 10:30:00,78.13,77.19,78.13,76.5,725800.0
SH.688122,2021-10-25 11:00:00,77.01,77.38,77.58,76.96,396200.0
SH.688122,2021-10-25 11:30:00,77.39,77.57,77.87,76.93,330800.0
SH.688122,2021-10-25 13:30:00,77.57,78.28,78.57,77.23,652400.0
SH.688122,2021-10-25 14:00:00,78.29,78.33,78.98,77.95,530700.0
SH.688122,2021-10-25 14:30:00,78.38,78.85,79.1,78.38,608300.0
SH.688122,2021-10-25 15:00:00,78.68,78.54,78.88,78.47,387800.0
SH.688122,2021-10-26 10:00:00,79.0,78.68,80.38,78.26,1028600.0
SH.688122,2021-10-26 10:30:00,78.65,78.97,79.08,78.01,476300.0
SH.688122,2021-10-26 11:00:00,78.95,78.4,79.49,78.35,347000.0
SH.688122,2021-10-26 11:30:00,78.38,79.25,79.5,78.07,375700.0
SH.688122,2021-10-26 13:30:00,79.1,78.18,79.66,78.18,539000.0
SH.688122,2021-10-26 14:00:00,78.18,78.22,78.25,77.79,576600.0
SH.688122,2021-10-26 14:30:00,78.11,77.7,78.24,77.56,374500.0
SH.688122,2021-10-26 15:00:00,77.7,77.3,77.96,77.18,591200.0
SH.688122,2021-10-27 10:00:00,78.82,77.75,79.0,77.03,891400.0
SH.688122,2021-10-27 10:30:00,77.62,77.03,78.04,76.8,607300.0
SH.688122,2021-10-27 11:00:00,77.03,77.13,77.4,76.61,232700.0
SH.688122,2021-10-27 11:30:00,77.12,77.61,77.76,76.9,221400.0
SH.688122,2021-10-27 13:30:00,77.74,76.45,77.74,76.35,381200.0
SH.688122,2021-10-27 14:00:00,76.4,77.6,77.77,76.0,456000.0
SH.688122,2021-10-27 14:30:00,77.48,77.52,77.68,77.23,255100.0
SH.688122,2021-10-27 15:00:00,77.57,77.34,77.74,77.04,341000.0
SH.688122,2021-10-28 10:00:00,76.87,77.41,77.8,74.81,841600.0
SH.688122,2021-10-28 10:30:00,77.41,77.98,77.99,76.66,558800.0
SH.688122,2021-10-28 11:00:00,77.99,78.56,78.75,77.04,549100.0
SH.688122,2021-10-28 11:30:00,78.52,78.62,78.69,77.93,749400.0
SH.688122,2021-10-28 13:30:00,78.5,78.54,78.66,78.2,303500.0
SH.688122,2021-10-28 14:00:00,78.59,78.2,78.7,77.8,334000.0
SH.688122,2021-10-28 14:30:00,78.2,77.76,78.4,77.63,297200.0
SH.688122,2021-10-28 15:00:00,77.72,77.08,77.77,76.9,343700.0
SH.688122,2021-10-29 10:00:00,76.83,76.04,78.2,75.42,932400.0
SH.688122,2021-10-29 10:30:00,76.03,78.41,78.41,75.37,496400.0
SH.688122,2021-10-29 11:00:00,78.43,77.04,78.48,76.9,388900.0
SH.688122,2021-10-29 11:30:00,77.03,77.25,77.77,76.55,361700.0
SH.688122,2021-10-29 13:30:00,77.36,77.04,77.98,76.87,336500.0
SH.688122,2021-10-29 14:00:00,77.05,77.63,77.85,77.03,246000.0
SH.688122,2021-10-29 14:30:00,77.62,77.66,77.81,77.32,267100.0
SH.688122,2021-10-29 15:00:00,77.67,77.67,77.88,77.43,401800.0
SH.688122,2021-11-01 10:00:00,77.9,78.98,78.98,76.49,1105100.0
SH.688122,2021-11-01 10:30:00,78.99,79.58,79.75,78.15,1481700.0
SH.688122,2021-11-01 11:00:00,79.52,80.58,80.8,79.26,872000.0
SH.688122,2021-11-01 11:30:00,80.58,79.83,80.62,79.67,341800.0
SH.688122,2021-11-01 13:30:00,79.83,79.76,80.1,79.24,576000.0
SH.688122,2021-11-01 14:00:00,79.7,79.55,79.79,79.21,344200.0
SH.688122,2021-11-01 14:30:00,79.56,79.6,80.2,79.56,416600.0
SH.688122,2021-11-01 15:00:00,79.62,79.41,80.11,79.32,454100.0
SH.688122,2021-11-02 10:00:00,81.5,80.42,82.5,79.0,1590800.0
SH.688122,2021-11-02 10:30:00,80.42,80.54,82.0,80.18,893100.0
SH.688122,2021-11-02 11:00:00,80.53,81.19,81.2,80.3,630400.0
SH.688122,2021-11-02 11:30:00,81.18,81.05,81.3,80.81,634600.0
SH.688122,2021-11-02 13:30:00,81.05,80.58,81.18,80.49,940600.0
SH.688122,2021-11-02 14:00:00,80.58,80.98,81.27,80.58,777400.0
SH.688122,2021-11-02 14:30:00,81.0,81.8,81.85,80.52,890200.0
SH.688122,2021-11-02 15:00:00,81.78,81.26,81.8,81.12,642200.0
SH.688122,2021-11-03 10:00:00,80.68,79.56,80.96,78.86,1290400.0
SH.688122,2021-11-03 10:30:00,79.64,78.42,79.73,78.42,1044300.0
SH.688122,2021-11-03 11:00:00,78.41,78.0,78.41,77.7,659800.0
SH.688122,2021-11-03 11:30:00,77.96,77.99,78.8,77.7,489800.0
SH.688122,2021-11-03 13:30:00,77.97,77.75,78.45,77.66,381400.0
SH.688122,2021-11-03 14:00:00,77.75,77.97,78.02,77.5,508100.0
SH.688122,2021-11-03 14:30:00,77.88,78.74,78.75,77.8,396200.0
SH.688122,2021-11-03 15:00:00,78.74,78.64,78.84,78.12,543800.0
SH.688122,2021-11-04 10:00:00,78.3,79.96,80.98,78.3,1175700.0
SH.688122,2021-11-04 10:30:00,79.98,79.53,81.08,79.26,617800.0
SH.688122,2021-11-04 11:00:00,79.53,79.26,80.0,79.2,379500.0
SH.688122,2021-11-04 11:30:00,79.25,79.0,79.42,78.81,387900.0
SH.688122,2021-11-04 13:30:00,79.01,80.19,80.2,79.01,595800.0
SH.688122,2021-11-04 14:00:00,80.19,80.7,80.87,80.0,643300.0
SH.688122,2021-11-04 14:30:00,80.71,81.16,81.47,80.71,572800.0
SH.688122,2021-11-04 15:00:00,81.19,80.64,81.24,80.4,487400.0
SH.688122,2021-11-05 10:00:00,80.64,80.25,81.36,79.6,658500.0
SH.688122,2021-11-05 10:30:00,80.32,80.14,80.63,79.16,586600.0
SH.688122,2021-11-05 11:00:00,80.14,80.11,80.9,80.0,282000.0
SH.688122,2021-11-05 11:30:00,80.1,80.16,80.16,79.6,189400.0
SH.688122,2021-11-05 13:30:00,80.03,79.4,80.27,79.37,282400.0
SH.688122,2021-11-05 14:00:00,79.38,78.39,79.59,78.0,453100.0
SH.688122,2021-11-05 14:30:00,78.39,78.89,79.0,77.98,635300.0
SH.688122,2021-11-05 15:00:00,78.93,77.99,79.17,77.93,809900.0
SH.688122,2021-11-08 10:00:00,77.63,78.47,78.49,76.35,957000.0
SH.688122,2021-11-08 10:30:00,78.44,79.51,79.58,78.44,529800.0
SH.688122,2021-11-08 11:00:00,79.55,80.0,80.69,79.51,921000.0
SH.688122,2021-11-08 11:30:00,79.92,80.2,80.35,79.73,470500.0
SH.688122,2021-11-08 13:30:00,80.2,80.65,80.67,79.5,427200.0
SH.688122,2021-11-08 14:00:00,80.65,81.33,81.49,80.49,848900.0
SH.688122,2021-11-08 14:30:00,81.33,82.54,82.68,81.13,1109900.0
SH.688122,2021-11-08 15:00:00,82.55,81.9,82.78,81.8,716700.0
SH.688122,2021-11-09 10:00:00,82.33,83.87,83.88,80.5,1384200.0
SH.688122,2021-11-09 10:30:00,83.7,84.49,84.5,83.04,1129600.0
SH.688122,2021-11-09 11:00:00,84.47,85.83,86.6,84.2,1431300.0
SH.688122,2021-11-09 11:30:00,85.83,86.05,86.18,85.2,708700.0
SH.688122,2021-11-09 13:30:00,86.06,86.18,86.37,85.31,878000.0
SH.688122,2021-11-09 14:00:00,86.09,85.64,86.4,85.39,706900.0
SH.688122,2021-11-09 14:30:00,85.92,86.0,86.3,85.6,507300.0
SH.688122,2021-11-09 15:00:00,86.08,85.45,86.28,85.29,645500.0
SH.688122,2021-11-10 10:00:00,84.97,86.0,87.29,84.97,1353700.0
SH.688122,2021-11-10 10:30:00,85.98,86.06,86.4,85.31,838600.0
SH.688122,2021-11-10 11:00:00,86.12,86.25,87.83,85.92,1495100.0
SH.688122,2021-11-10 11:30:00,86.44,86.72,86.97,85.99,843300.0
SH.688122,2021-11-10 13:30:00,86.63,86.4,87.0,85.82,670900.0
SH.688122,2021-11-10 14:00:00,86.4,84.94,86.75,84.66,708800.0
SH.688122,2021-11-10 14:30:00,84.84,86.02,86.4,84.84,463800.0
SH.688122,2021-11-10 15:00:00,85.98,85.4,86.06,85.0,581500.0
SH.688122,2021-11-11 10:00:00,86.46,84.24,86.46,83.88,1099000.0
SH.688122,2021-11-11 10:30:00,84.39,84.52,84.99,83.96,614700.0
SH.688122,2021-11-11 11:00:00,84.58,86.06,86.11,84.36,723300.0
SH.688122,2021-11-11 11:30:00,86.04,86.03,86.18,85.51,417500.0
SH.688122,2021-11-11 13:30:00,86.04,86.36,86.84,85.96,504500.0
SH.688122,2021-11-11 14:00:00,86.4,85.85,86.51,85.6,422500.0
SH.688122,2021-11-11 14:30:00,85.84,85.72,86.16,85.16,467500.0
SH.688122,2021-11-11 15:00:00,85.72,85.67,86.0,85.26,327900.0
SH.688122,2021-11-12 10:00:00,85.5,89.84,89.86,85.11,1393400.0
SH.688122,2021-11-12 10:30:00,89.79,90.8,91.8,89.58,1503800.0
SH.688122,2021-11-12 11:00:00,90.76,93.26,93.4,90.76,1549600.0
SH.688122,2021-11-12 11:30:00,93.39,93.1,93.48,92.24,986700.0
SH.688122,2021-11-12 13:30:00,93.08,92.74,93.37,92.72,1301200.0
SH.688122,2021-11-12 14:00:00,92.72,91.96,93.09,91.66,1099700.0
SH.688122,2021-11-12 14:30:00,91.98,91.18,92.12,90.5,1245700.0
SH.688122,2021-11-12 15:00:00,91.2,91.11,91.5,90.5,1229100.0
SH.688122,2021-11-15 10:00:00,90.75,92.05,92.75,90.4,1642600.0
SH.688122,2021-11-15 10:30:00,92.11,92.76,93.17,90.82,1018400.0
SH.688122,2021-11-15 11:00:00,92.8,90.56,93.07,90.5,1128700.0
SH.688122,2021-11-15 11:30:00,90.56,89.83,90.61,89.66,844700.0
SH.688122,2021-11-15 13:30:00,89.96,90.1,90.2,89.22,602700.0
SH.688122,2021-11-15 14:00:00,90.0,90.44,91.11,89.8,474300.0
SH.688122,2021-11-15 14:30:00,90.4,89.71,90.62,89.65,525000.0
SH.688122,2021-11-15 15:00:00,89.71,89.17,89.9,88.88,559400.0
SH.688122,2021-11-16 10:00:00,88.5,90.6,90.78,88.46,861100.0
SH.688122,2021-11-16 10:30:00,90.68,90.85,91.6,90.29,908500.0
SH.688122,2021-11-16 11:00:00,90.82,89.75,90.82,89.67,388400.0
SH.688122,2021-11-16 11:30:00,89.69,88.8,89.69,88.5,415200.0
SH.688122,2021-11-16 13:30:00,88.8,87.7,89.25,87.6,843300.0
SH.688122,2021-11-16 14:00:00,87.72,87.04,88.18,86.88,708400.0
SH.688122,2021-11-16 14:30:00,86.96,87.86,88.11,86.96,456700.0
SH.688122,2021-11-16 15:00:00,87.99,87.87,87.99,86.75,431500.0
SH.688122,2021-11-17 10:00:00,86.8,85.57,87.92,85.46,1293700.0
SH.688122,2021-11-17 10:30:00,85.58,86.91,86.99,85.4,769100.0
SH.688122,2021-11-17 11:00:00,87.0,87.38,87.38,86.48,843600.0
SH.688122,2021-11-17 11:30:00,87.36,87.77,88.23,87.32,472800.0
SH.688122,2021-11-17 13:30:00,87.77,87.8,88.18,87.32,278900.0
SH.688122,2021-11-17 14:00:00,87.8,87.92,88.0,87.08,309900.0
SH.688122,2021-11-17 14:30:00,87.77,87.88,87.92,87.44,299300.0
SH.688122,2021-11-17 15:00:00,87.87,87.7,87.88,87.07,516000.0
SH.688122,2021-11-18 10:00:00,87.7,86.7,88.28,86.62,501200.0
SH.688122,2021-11-18 10:30:00,86.7,87.74,87.8,86.18,400700.0
SH.688122,2021-11-18 11:00:00,87.75,90.24,91.16,87.65,949900.0
SH.688122,2021-11-18 11:30:00,90.2,91.9,91.95,89.78,740400.0
SH.688122,2021-11-18 13:30:00,91.9,91.78,91.99,90.71,854700.0
SH.688122,2021-11-18 14:00:00,91.79,91.69,92.29,91.33,964100.0
SH.688122,2021-11-18 14:30:00,91.61,91.77,92.47,91.34,826000.0
SH.688122,2021-11-18 15:00:00,91.88,91.49,92.01,91.4,681200.0
SH.688122,2021-11-19 10:00:00,90.5,91.5,92.95,90.5,1013900.0
SH.688122,2021-11-19 10:30:00,91.66,93.0,94.5,91.32,955300.0
SH.688122,2021-11-19 11:00:00,93.04,94.25,95.5,92.54,950700.0
SH.688122,2021-11-19 11:30:00,94.46,93.5,94.76,93.15,277200.0
SH.688122,2021-11-19 13:30:00,93.33,92.5,93.5,91.7,351300.0
SH.688122,2021-11-19 14:00:00,92.49,92.46,92.89,92.2,276000.0
SH.688122,2021-11-19 14:30:00,92.46,92.6,92.99,92.28,298600.0
SH.688122,2021-11-19 15:00:00,92.67,92.4,92.79,92.21,325900.0
SH.688122,2021-11-22 10:00:00,91.97,91.72,92.99,90.5,1301700.0
SH.688122,2021-11-22 10:30:00,91.76,92.62,93.19,91.42,527300.0
SH.688122,2021-11-22 11:00:00,92.62,92.8,93.17,92.1,278800.0
SH.688122,2021-11-22 11:30:00,92.74,93.04,93.35,92.41,261400.0
SH.688122,2021-11-22 13:30:00,93.0,93.36,93.63,92.97,370500.0
SH.688122,2021-11-22 14:00:00,93.36,93.75,93.81,92.73,311800.0
SH.688122,2021-11-22 14:30:00,93.79,96.08,96.18,93.6,1101900.0
SH.688122,2021-11-22 15:00:00,96.03,94.0,96.08,93.82,651100.0
SH.688122,2021-11-23 10:00:00,93.95,93.0,94.75,92.18,706600.0
SH.688122,2021-11-23 10:30:00,92.96,92.18,93.07,92.0,698600.0
SH.688122,2021-11-23 11:00:00,92.33,92.07,92.5,91.8,721700.0
SH.688122,2021-11-23 11:30:00,92.07,93.9,93.9,91.76,493100.0
SH.688122,2021-11-23 13:30:00,93.88,92.91,93.9,92.91,273700.0
SH.688122,2021-11-23 14:00:00,92.91,92.21,93.1,92.0,397500.0
SH.688122,2021-11-23 14:30:00,92.29,92.66,93.34,92.29,211000.0
SH.688122,2021-11-23 15:00:00,92.66,92.31,93.01,92.17,342900.0
SH.688122,2021-11-24 10:00:00,92.39,93.22,94.21,92.0,803900.0
SH.688122,2021-11-24 10:30:00,93.22,91.49,93.38,91.32,452200.0
SH.688122,2021-11-24 11:00:00,91.53,91.5,92.17,90.93,421100.0
SH.688122,2021-11-24 11:30:00,91.55,90.85,91.87,90.5,528200.0
SH.688122,2021-11-24 13:30:00,90.65,90.14,91.65,89.61,821700.0
SH.688122,2021-11-24 14:00:00,90.11,88.97,90.11,88.01,1278600.0
SH.688122,2021-11-24 14:30:00,89.06,88.6,89.98,88.6,861800.0
SH.688122,2021-11-24 15:00:00,88.73,89.05,89.51,88.67,886600.0
SH.688122,2021-11-25 10:00:00,89.0,88.26,90.35,88.24,843500.0
SH.688122,2021-11-25 10:30:00,88.31,89.45,89.65,88.3,382800.0
SH.688122,2021-11-25 11:00:00,89.28,88.1,89.54,87.87,349600.0
SH.688122,2021-11-25 11:30:00,87.97,88.7,89.1,87.88,198400.0
SH.688122,2021-11-25 13:30:00,88.57,89.28,89.29,88.51,323900.0
SH.688122,2021-11-25 14:00:00,89.27,89.27,89.49,88.57,404700.0
SH.688122,2021-11-25 14:30:00,89.29,88.95,89.46,88.74,431800.0
SH.688122,2021-11-25 15:00:00,89.06,88.88,89.06,88.7,474000.0
SH.688122,2021-11-26 10:00:00,88.8,89.68,89.8,88.21,711500.0
SH.688122,2021-11-26 10:30:00,89.69,89.61,90.4,89.3,573700.0
SH.688122,2021-11-26 11:00:00,89.6,89.6,90.18,89.54,426600.0
SH.688122,2021-11-26 11:30:00,89.61,89.68,89.92,89.29,442500.0
SH.688122,2021-11-26 13:30:00,89.68,88.09,89.8,88.0,521500.0
SH.688122,2021-11-26 14:00:00,88.1,88.36,88.56,87.51,608400.0
SH.688122,2021-11-26 14:30:00,88.21,89.14,89.27,88.21,559900.0
SH.688122,2021-11-26 15:00:00,89.16,89.0,89.43,88.85,483700.0
SH.688122,2021-11-29 10:00:00,88.99,93.73,94.0,87.18,1954200.0
SH.688122,2021-11-29 10:30:00,93.73,93.63,93.74,92.02,850700.0
SH.688122,2021-11-29 11:00:00,93.6,96.65,96.88,93.26,1663000.0
SH.688122,2021-11-29 11:30:00,96.65,95.29,97.3,95.05,1084800.0
SH.688122,2021-11-29 13:30:00,95.1,95.09,95.53,94.9,525200.0
SH.688122,2021-11-29 14:00:00,95.09,95.55,95.99,95.01,546800.0
SH.688122,2021-11-29 14:30:00,95.29,95.17,95.6,95.01,460300.0
SH.688122,2021-11-29 15:00:00,95.16,95.0,95.36,94.5,769900.0
SH.688122,2021-11-30 10:00:00,97.05,96.39,97.05,94.11,1036400.0
SH.688122,2021-11-30 10:30:00,96.31,97.15,97.27,94.84,974000.0
SH.688122,2021-11-30 11:00:00,97.08,97.62,97.85,96.1,808200.0
SH.688122,2021-11-30 11:30:00,97.67,98.22,99.92,97.67,1347300.0
SH.688122,2021-11-30 13:30:00,98.22,97.06,98.3,96.85,826300.0
SH.688122,2021-11-30 14:00:00,96.89,96.3,97.7,95.99,807600.0
SH.688122,2021-11-30 14:30:00,96.21,96.04,96.62,95.68,558700.0
SH.688122,2021-11-30 15:00:00,96.01,97.1,97.15,95.84,2163100.0
SH.688122,2021-12-01 10:00:00,97.03,95.4,97.97,94.71,1447800.0
SH.688122,2021-12-01 10:30:00,95.4,94.7,96.18,94.5,505600.0
SH.688122,2021-12-01 11:00:00,94.74,94.09,95.0,93.75,552400.0
SH.688122,2021-12-01 11:30:00,94.09,94.75,94.75,93.4,454400.0
SH.688122,2021-12-01 13:30:00,94.47,93.5,94.74,93.13,397700.0
SH.688122,2021-12-01 14:00:00,93.5,93.0,93.61,92.88,818100.0
SH.688122,2021-12-01 14:30:00,93.06,93.05,93.41,93.05,469100.0
SH.688122,2021-12-01 15:00:00,93.03,93.97,93.97,92.73,479600.0
SH.688122,2021-12-02 10:00:00,93.97,91.7,93.97,91.5,995500.0
SH.688122,2021-12-02 10:30:00,91.66,91.25,91.89,90.73,893500.0
SH.688122,2021-12-02 11:00:00,91.25,90.51,91.5,89.8,1011100.0
SH.688122,2021-12-02 11:30:00,90.64,92.03,92.26,90.33,695600.0
SH.688122,2021-12-02 13:30:00,92.09,91.78,92.25,91.46,410200.0
SH.688122,2021-12-02 14:00:00,91.7,91.38,92.17,91.12,324300.0
SH.688122,2021-12-02 14:30:00,91.23,91.28,91.5,90.99,314300.0
SH.688122,2021-12-02 15:00:00,91.37,91.79,91.85,91.21,433100.0
SH.688122,2021-12-03 10:00:00,92.0,93.08,94.05,90.11,1040600.0
SH.688122,2021-12-03 10:30:00,93.2,92.09,93.36,91.7,416000.0
SH.688122,2021-12-03 11:00:00,92.0,92.61,92.96,91.7,301000.0
SH.688122,2021-12-03 11:30:00,92.92,93.01,93.89,92.77,488000.0
SH.688122,2021-12-03 13:30:00,93.03,93.1,93.25,91.59,391800.0
SH.688122,2021-12-03 14:00:00,93.16,92.2,93.87,92.12,286400.0
SH.688122,2021-12-03 14:30:00,92.15,93.28,93.46,91.95,631100.0
SH.688122,2021-12-03 15:00:00,93.28,93.01,93.34,92.48,367500.0
SH.688122,2021-12-06 10:00:00,92.88,92.68,94.65,91.45,994900.0
SH.688122,2021-12-06 10:30:00,92.77,91.46,92.77,90.61,1176800.0
SH.688122,2021-12-06 11:00:00,91.42,92.4,92.52,91.02,522800.0
SH.688122,2021-12-06 11:30:00,92.41,92.02,92.79,91.68,666300.0
SH.688122,2021-12-06 13:30:00,92.11,91.45,92.22,91.0,513400.0
SH.688122,2021-12-06 14:00:00,91.27,90.74,91.79,90.69,386700.0
SH.688122,2021-12-06 14:30:00,90.71,91.3,91.59,90.66,461600.0
SH.688122,2021-12-06 15:00:00,91.12,90.28,91.54,90.28,484200.0
SH.688122,2021-12-07 10:00:00,90.5,90.04,92.02,89.08,800700.0
SH.688122,2021-12-07 10:30:00,89.8,88.25,89.93,88.24,507000.0
SH.688122,2021-12-07 11:00:00,88.25,87.2,88.71,87.01,875800.0
SH.688122,2021-12-07 11:30:00,87.24,88.34,88.78,87.24,699100.0
SH.688122,2021-12-07 13:30:00,88.45,87.19,88.77,87.09,849300.0
SH.688122,2021-12-07 14:00:00,87.2,86.44,88.6,86.23,1466700.0
SH.688122,2021-12-07 14:30:00,86.51,86.5,87.35,86.2,1021500.0
SH.688122,2021-12-07 15:00:00,86.56,87.89,88.5,86.44,840100.0
SH.688122,2021-12-08 10:00:00,88.86,89.38,89.66,88.0,720800.0
SH.688122,2021-12-08 10:30:00,89.42,89.66,90.29,89.0,686700.0
SH.688122,2021-12-08 11:00:00,89.68,89.9,89.98,88.7,501400.0
SH.688122,2021-12-08 11:30:00,89.89,89.9,90.5,89.51,395000.0
SH.688122,2021-12-08 13:30:00,90.06,88.96,90.06,88.74,275900.0
SH.688122,2021-12-08 14:00:00,88.96,89.74,89.8,88.9,205000.0
SH.688122,2021-12-08 14:30:00,89.78,89.78,89.98,89.35,291000.0
SH.688122,2021-12-08 15:00:00,89.78,89.64,89.92,89.3,345000.0
SH.688122,2021-12-09 10:00:00,89.64,87.36,90.19,86.53,889600.0
SH.688122,2021-12-09 10:30:00,87.36,87.0,87.89,86.35,775400.0
SH.688122,2021-12-09 11:00:00,87.06,87.39,87.97,86.4,689700.0
SH.688122,2021-12-09 11:30:00,87.34,88.18,88.69,86.99,803900.0
SH.688122,2021-12-09 13:30:00,88.18,88.31,88.59,87.2,531800.0
SH.688122,2021-12-09 14:00:00,88.35,88.41,88.85,87.91,624700.0
SH.688122,2021-12-09 14:30:00,88.34,88.18,88.49,87.95,634400.0
SH.688122,2021-12-09 15:00:00,88.15,88.1,88.3,87.81,398700.0
SH.688122,2021-12-10 10:00:00,87.35,88.69,88.9,87.0,854900.0
SH.688122,2021-12-10 10:30:00,88.6,88.51,89.55,88.31,823500.0
SH.688122,2021-12-10 11:00:00,88.51,90.02,90.2,87.79,881100.0
SH.688122,2021-12-10 11:30:00,90.12,91.11,91.63,90.12,1181700.0
SH.688122,2021-12-10 13:30:00,91.1,90.3,91.87,90.15,1120700.0
SH.688122,2021-12-10 14:00:00,90.31,91.1,91.17,90.22,988500.0
SH.688122,2021-12-10 14:30:00,91.03,91.94,92.29,90.9,1566800.0
SH.688122,2021-12-10 15:00:00,91.94,89.1,92.64,89.1,1523000.0
SH.688122,2021-12-13 10:00:00,90.3,91.42,92.0,89.28,1534600.0
SH.688122,2021-12-13 10:30:00,91.48,90.61,91.48,89.1,1135600.0
SH.688122,2021-12-13 11:00:00,90.61,91.89,92.99,90.56,1098000.0
SH.688122,2021-12-13 11:30:00,92.0,92.73,92.79,91.61,377900.0
SH.688122,2021-12-13 13:30:00,92.79,92.06,92.79,90.69,955700.0
SH.688122,2021-12-13 14:00:00,92.06,92.49,92.78,92.02,588200.0
SH.688122,2021-12-13 14:30:00,92.46,91.88,92.57,91.77,537500.0
SH.688122,2021-12-13 15:00:00,91.89,91.28,92.11,91.0,646000.0
SH.688122,2021-12-14 10:00:00,90.71,89.85,91.79,89.24,948100.0
SH.688122,2021-12-14 10:30:00,89.79,91.56,92.5,89.58,657200.0
SH.688122,2021-12-14 11:00:00,91.53,91.6,92.12,91.01,428100.0
SH.688122,2021-12-14 11:30:00,91.61,91.72,92.0,90.69,466500.0
SH.688122,2021-12-14 13:30:00,91.99,92.22,92.42,91.5,369900.0
SH.688122,2021-12-14 14:00:00,92.22,91.96,92.28,91.25,359900.0
SH.688122,2021-12-14 14:30:00,91.88,90.84,92.0,90.69,311800.0
SH.688122,2021-12-14 15:00:00,90.84,90.7,90.88,90.4,241300.0
SH.688122,2021-12-15 10:00:00,90.21,91.09,91.77,89.68,496900.0
SH.688122,2021-12-15 10:30:00,91.01,90.02,91.25,89.23,357700.0
SH.688122,2021-12-15 11:00:00,90.17,91.28,91.68,89.43,359700.0
SH.688122,2021-12-15 11:30:00,91.3,92.07,92.5,91.24,323800.0
SH.688122,2021-12-15 13:30:00,92.06,92.0,92.2,91.32,294600.0
SH.688122,2021-12-15 14:00:00,92.0,91.72,92.13,91.29,274000.0
SH.688122,2021-12-15 14:30:00,91.73,91.89,92.05,91.31,396000.0
SH.688122,2021-12-15 15:00:00,91.84,91.45,92.06,91.43,353700.0
SH.688122,2021-12-16 10:00:00,92.5,91.33,93.49,90.62,1093100.0
SH.688122,2021-12-16 10:30:00,91.24,91.39,92.0,90.79,352700.0
SH.688122,2021-12-16 11:00:00,91.4,91.62,91.62,90.84,763800.0
SH.688122,2021-12-16 11:30:00,91.56,91.0,91.96,91.0,161600.0
SH.688122,2021-12-16 13:30:00,91.08,92.57,92.76,90.95,278100.0
SH.688122,2021-12-16 14:00:00,92.57,92.63,93.14,92.37,450400.0
SH.688122,2021-12-16 14:30:00,92.63,92.3,92.93,92.28,323900.0
SH.688122,2021-12-16 15:00:00,92.24,92.45,92.88,92.12,362400.0
SH.688122,2021-12-17 10:00:00,92.58,92.1,93.2,91.45,448600.0
SH.688122,2021-12-17 10:30:00,92.16,93.27,93.99,92.16,493800.0
SH.688122,2021-12-17 11:00:00,93.27,92.61,93.27,92.1,314900.0
SH.688122,2021-12-17 11:30:00,92.61,92.13,92.61,91.68,238300.0
SH.688122,2021-12-17 13:30:00,92.11,91.88,92.26,91.61,145100.0
SH.688122,2021-12-17 14:00:00,91.79,91.36,91.88,90.5,264500.0
SH.688122,2021-12-17 14:30:00,91.35,90.56,91.37,90.02,354900.0
SH.688122,2021-12-17 15:00:00,90.36,91.0,91.61,90.31,295500.0
SH.688122,2021-12-20 10:00:00,91.0,90.95,92.45,90.0,722500.0
SH.688122,2021-12-20 10:30:00,91.2,90.16,91.5,90.16,324500.0
SH.688122,2021-12-20 11:00:00,90.18,89.74,90.39,89.0,530500.0
SH.688122,2021-12-20 11:30:00,89.74,88.5,89.97,88.28,302300.0
SH.688122,2021-12-20 13:30:00,88.43,90.17,90.59,88.31,369200.0
SH.688122,2021-12-20 14:00:00,90.27,90.29,90.67,90.15,205600.0
SH.688122,2021-12-20 14:30:00,90.26,88.92,90.45,88.88,252200.0
SH.688122,2021-12-20 15:00:00,88.89,89.22,89.4,88.7,363200.0
SH.688122,2021-12-21 10:00:00,89.4,91.21,91.5,89.4,588600.0
SH.688122,2021-12-21 10:30:00,91.21,89.46,91.49,89.03,337800.0
SH.688122,2021-12-21 11:00:00,89.37,88.48,89.37,88.11,301900.0
SH.688122,2021-12-21 11:30:00,88.48,88.6,88.94,88.18,124300.0
SH.688122,2021-12-21 13:30:00,88.6,89.17,89.34,88.2,218000.0
SH.688122,2021-12-21 14:00:00,88.97,89.42,89.43,88.88,160700.0
SH.688122,2021-12-21 14:30:00,89.42,88.92,89.5,88.9,205300.0
SH.688122,2021-12-21 15:00:00,88.92,88.9,89.19,88.81,226000.0
SH.688122,2021-12-22 10:00:00,88.9,87.75,89.75,86.5,653000.0
SH.688122,2021-12-22 10:30:00,87.87,88.7,89.18,87.73,428700.0
SH.688122,2021-12-22 11:00:00,88.7,88.88,88.9,87.7,336600.0
SH.688122,2021-12-22 11:30:00,88.86,88.59,89.48,88.3,409200.0
SH.688122,2021-12-22 13:30:00,88.0,87.9,88.48,87.21,395900.0
SH.688122,2021-12-22 14:00:00,88.14,88.03,88.38,87.68,276700.0
SH.688122,2021-12-22 14:30:00,87.73,87.35,88.08,87.16,542900.0
SH.688122,2021-12-22 15:00:00,87.44,87.53,87.7,87.1,782800.0
SH.688122,2021-12-23 10:00:00,87.76,88.27,88.68,86.62,659700.0
SH.688122,2021-12-23 10:30:00,88.14,89.58,89.89,87.71,868500.0
SH.688122,2021-12-23 11:00:00,89.57,89.51,89.88,88.67,431400.0
SH.688122,2021-12-23 11:30:00,89.51,89.0,89.57,88.49,577100.0
SH.688122,2021-12-23 13:30:00,89.0,90.4,91.48,89.0,935100.0
SH.688122,2021-12-23 14:00:00,90.5,91.48,91.87,90.16,1202500.0
SH.688122,2021-12-23 14:30:00,91.48,92.0,92.21,91.31,713700.0
SH.688122,2021-12-23 15:00:00,92.09,91.7,92.18,91.48,650200.0
SH.688122,2021-12-24 10:00:00,91.7,91.89,92.85,90.85,777400.0
SH.688122,2021-12-24 10:30:00,91.91,91.43,92.14,91.25,381600.0
SH.688122,2021-12-24 11:00:00,91.43,90.62,92.0,90.45,289700.0
SH.688122,2021-12-24 11:30:00,90.69,91.11,91.88,90.62,203500.0
SH.688122,2021-12-24 13:30:00,91.13,89.99,91.36,89.96,260200.0
SH.688122,2021-12-24 14:00:00,89.99,90.5,90.7,89.71,268300.0
SH.688122,2021-12-24 14:30:00,90.5,90.81,90.88,90.24,170000.0
SH.688122,2021-12-24 15:00:00,90.83,90.27,90.99,90.2,232200.0
SH.688122,2021-12-27 10:00:00,90.29,90.26,91.67,89.55,362800.0
SH.688122,2021-12-27 10:30:00,90.35,89.8,90.76,89.66,162000.0
SH.688122,2021-12-27 11:00:00,89.76,89.92,90.44,89.34,196500.0
SH.688122,2021-12-27 11:30:00,89.88,89.45,90.05,89.35,167500.0
SH.688122,2021-12-27 13:30:00,89.55,88.8,89.9,88.2,414600.0
SH.688122,2021-12-27 14:00:00,88.8,89.15,89.69,88.42,190500.0
SH.688122,2021-12-27 14:30:00,89.17,88.45,89.22,88.3,484100.0
SH.688122,2021-12-27 15:00:00,88.45,88.78,89.33,88.1,393300.0
SH.688122,2021-12-28 10:00:00,88.68,87.66,89.33,87.57,520900.0
SH.688122,2021-12-28 10:30:00,87.8,87.52,88.79,87.5,496400.0
SH.688122,2021-12-28 11:00:00,87.6,87.8,88.49,87.1,404700.0
SH.688122,2021-12-28 11:30:00,87.79,88.2,88.31,87.5,258300.0
SH.688122,2021-12-28 13:30:00,88.2,88.1,88.77,87.6,227100.0
SH.688122,2021-12-28 14:00:00,88.1,88.2,88.69,87.9,332300.0
SH.688122,2021-12-28 14:30:00,87.99,88.58,88.68,87.99,226500.0
SH.688122,2021-12-28 15:00:00,88.54,88.58,88.7,88.2,451200.0
SH.688122,2021-12-29 10:00:00,88.51,92.88,92.88,88.51,985400.0
SH.688122,2021-12-29 10:30:00,92.98,91.0,93.35,90.81,656300.0
SH.688122,2021-12-29 11:00:00,91.11,92.0,92.48,90.92,454700.0
SH.688122,2021-12-29 11:30:00,91.9,91.49,92.1,91.0,549500.0
SH.688122,2021-12-29 13:30:00,91.12,91.1,91.53,90.66,352900.0
SH.688122,2021-12-29 14:00:00,91.19,90.68,91.2,90.5,263300.0
SH.688122,2021-12-29 14:30:00,90.65,90.31,91.0,89.7,663500.0
SH.688122,2021-12-29 15:00:00,90.38,91.01,91.1,90.15,568900.0
SH.688122,2021-12-30 10:00:00,90.75,93.61,93.8,90.1,1527700.0
SH.688122,2021-12-30 10:30:00,93.66,95.58,95.58,92.88,1216900.0
SH.688122,2021-12-30 11:00:00,95.66,96.7,97.59,95.44,1158500.0
SH.688122,2021-12-30 11:30:00,96.79,97.36,97.51,95.76,866600.0
SH.688122,2021-12-30 13:30:00,97.06,96.57,97.4,96.5,581800.0
SH.688122,2021-12-30 14:00:00,96.65,95.6,96.71,95.59,592100.0
SH.688122,2021-12-30 14:30:00,95.68,96.0,96.25,95.57,470900.0
SH.688122,2021-12-30 15:00:00,95.86,96.0,96.37,95.2,683400.0
SH.688122,2021-12-31 10:00:00,95.8,96.85,96.85,94.05,1004700.0
SH.688122,2021-12-31 10:30:00,96.83,96.01,96.86,95.48,592500.0
SH.688122,2021-12-31 11:00:00,96.01,96.59,97.75,96.0,607200.0
SH.688122,2021-12-31 11:30:00,96.4,96.55,96.94,95.74,355500.0
SH.688122,2021-12-31 13:30:00,96.36,96.37,97.31,96.36,526800.0
SH.688122,2021-12-31 14:00:00,96.43,96.0,96.7,95.77,298500.0
SH.688122,2021-12-31 14:30:00,96.1,95.73,96.5,95.2,520800.0
SH.688122,2021-12-31 15:00:00,95.71,96.94,97.02,95.71,445300.0
SH.688122,2022-01-04 10:00:00,96.14,94.25,97.5,94.21,657900.0
SH.688122,2022-01-04 10:30:00,94.31,93.39,94.58,93.28,819400.0
SH.688122,2022-01-04 11:00:00,93.39,91.91,93.39,90.18,1140100.0
SH.688122,2022-01-04 11:30:00,91.88,92.82,92.86,90.75,623700.0
SH.688122,2022-01-04 13:30:00,92.82,93.05,93.48,92.01,692800.0
SH.688122,2022-01-04 14:00:00,93.05,93.12,93.92,92.85,342000.0
SH.688122,2022-01-04 14:30:00,92.88,93.4,93.6,92.87,376100.0
SH.688122,2022-01-04 15:00:00,93.41,93.2,93.98,92.98,433400.0
SH.688122,2022-01-05 10:00:00,93.0,91.75,93.98,91.03,747600.0
SH.688122,2022-01-05 10:30:00,91.78,90.2,92.57,90.19,511100.0
SH.688122,2022-01-05 11:00:00,90.18,88.98,90.18,88.5,879500.0
SH.688122,2022-01-05 11:30:00,88.98,87.87,89.9,87.87,527100.0
SH.688122,2022-01-05 13:30:00,88.4,87.0,88.4,86.55,1377900.0
SH.688122,2022-01-05 14:00:00,87.11,87.46,87.8,86.31,926400.0
SH.688122,2022-01-05 14:30:00,87.63,87.39,88.33,86.51,1729000.0
SH.688122,2022-01-05 15:00:00,87.39,87.0,87.5,86.45,942500.0
SH.688122,2022-01-06 10:00:00,86.27,83.96,87.77,83.73,2237900.0
SH.688122,2022-01-06 10:30:00,83.8,82.35,84.41,82.05,1616500.0
SH.688122,2022-01-06 11:00:00,82.21,84.01,85.4,82.2,1769700.0
SH.688122,2022-01-06 11:30:00,84.16,84.6,85.28,83.8,1238200.0
SH.688122,2022-01-06 13:30:00,84.69,84.07,84.69,83.21,992700.0
SH.688122,2022-01-06 14:00:00,84.07,85.29,85.44,83.66,1135800.0
SH.688122,2022-01-06 14:30:00,85.35,84.45,85.98,84.3,660300.0
SH.688122,2022-01-06 15:00:00,84.64,84.02,85.0,83.7,512500.0
SH.688122,2022-01-07 10:00:00,84.69,84.17,84.69,83.2,668500.0
SH.688122,2022-01-07 10:30:00,84.0,83.2,84.18,82.55,582400.0
SH.688122,2022-01-07 11:00:00,83.2,82.32,83.2,81.9,556200.0
SH.688122,2022-01-07 11:30:00,82.31,82.24,82.77,82.07,189100.0
SH.688122,2022-01-07 13:30:00,82.3,82.8,83.65,82.3,451800.0
SH.688122,2022-01-07 14:00:00,82.74,82.86,83.44,82.24,409300.0
SH.688122,2022-01-07 14:30:00,82.86,81.81,83.03,81.33,707100.0
SH.688122,2022-01-07 15:00:00,81.57,81.21,81.71,80.92,739800.0
SH.688122,2022-01-10 10:00:00,82.5,82.05,82.5,79.83,1021400.0
SH.688122,2022-01-10 10:30:00,82.0,81.6,82.86,81.2,484500.0
SH.688122,2022-01-10 11:00:00,81.6,81.54,81.67,81.11,239200.0
SH.688122,2022-01-10 11:30:00,81.54,82.58,82.6,81.01,302900.0
SH.688122,2022-01-10 13:30:00,82.51,80.88,82.51,80.61,544800.0
SH.688122,2022-01-10 14:00:00,80.88,80.16,81.23,80.05,508900.0
SH.688122,2022-01-10 14:30:00,80.17,80.34,80.5,79.92,464100.0
SH.688122,2022-01-10 15:00:00,80.34,80.27,80.56,79.86,436000.0
SH.688122,2022-01-11 10:00:00,80.99,81.31,81.89,79.76,956600.0
SH.688122,2022-01-11 10:30:00,81.16,80.36,81.8,80.29,740500.0
SH.688122,2022-01-11 11:00:00,80.36,80.03,80.6,79.55,814100.0
SH.688122,2022-01-11 11:30:00,80.03,79.6,80.2,79.4,631700.0
SH.688122,2022-01-11 13:30:00,79.73,78.58,79.74,78.58,959800.0
SH.688122,2022-01-11 14:00:00,78.63,78.64,79.3,77.83,851300.0
SH.688122,2022-01-11 14:30:00,78.27,77.95,78.65,77.83,634900.0
SH.688122,2022-01-11 15:00:00,78.0,78.34,78.46,77.38,1004500.0
SH.688122,2022-01-12 10:00:00,78.5,79.51,80.49,78.35,1155000.0
SH.688122,2022-01-12 10:30:00,79.65,82.25,82.25,79.29,1134000.0
SH.688122,2022-01-12 11:00:00,82.18,82.12,82.39,81.48,940700.0
SH.688122,2022-01-12 11:30:00,82.1,81.1,82.18,81.03,537900.0
SH.688122,2022-01-12 13:30:00,81.03,81.61,81.65,80.65,323500.0
SH.688122,2022-01-12 14:00:00,81.5,82.41,82.8,81.4,539200.0
SH.688122,2022-01-12 14:30:00,82.35,82.75,82.82,82.26,553100.0
SH.688122,2022-01-12 15:00:00,82.75,82.5,82.85,82.33,384200.0
SH.688122,2022-01-13 10:00:00,82.5,80.41,82.96,80.41,1121300.0
SH.688122,2022-01-13 10:30:00,80.45,82.31,82.55,80.45,572200.0
SH.688122,2022-01-13 11:00:00,82.1,82.99,83.28,82.08,461200.0
SH.688122,2022-01-13 11:30:00,82.81,82.76,82.97,82.35,238100.0
SH.688122,2022-01-13 13:30:00,82.53,81.19,82.53,81.1,245900.0
SH.688122,2022-01-13 14:00:00,81.2,81.19,81.52,80.9,280400.0
SH.688122,2022-01-13 14:30:00,81.16,81.18,81.51,81.03,298600.0
SH.688122,2022-01-13 15:00:00,81.34,81.61,82.4,81.2,753300.0
SH.688122,2022-01-14 10:00:00,80.82,81.25,82.58,80.82,714800.0
SH.688122,2022-01-14 10:30:00,81.21,81.82,83.23,81.16,839400.0
SH.688122,2022-01-14 11:00:00,81.82,82.48,82.87,81.78,781300.0
SH.688122,2022-01-14 11:30:00,82.51,81.98,82.74,81.51,547300.0
SH.688122,2022-01-14 13:30:00,81.99,82.01,82.8,81.71,368600.0
SH.688122,2022-01-14 14:00:00,82.15,82.2,82.87,82.06,600900.0
SH.688122,2022-01-14 14:30:00,82.2,82.75,82.96,82.12,706300.0
SH.688122,2022-01-14 15:00:00,82.74,82.49,82.74,81.91,338600.0
SH.688122,2022-01-17 10:00:00,83.16,82.51,83.98,81.8,979500.0
SH.688122,2022-01-17 10:30:00,82.51,81.85,82.7,81.01,853400.0
SH.688122,2022-01-17 11:00:00,81.98,82.63,82.79,81.2,319500.0
SH.688122,2022-01-17 11:30:00,82.46,83.91,83.95,82.46,501000.0
SH.688122,2022-01-17 13:30:00,83.7,83.94,83.99,83.1,453300.0
SH.688122,2022-01-17 14:00:00,83.94,83.75,83.98,83.23,266600.0
SH.688122,2022-01-17 14:30:00,83.88,83.02,83.88,82.72,734600.0
SH.688122,2022-01-17 15:00:00,83.05,83.21,83.98,82.73,556000.0
SH.688122,2022-01-18 10:00:00,82.7,83.68,83.8,81.88,503700.0
SH.688122,2022-01-18 10:30:00,83.69,85.04,86.0,83.39,834100.0
SH.688122,2022-01-18 11:00:00,85.0,83.63,85.01,83.02,803000.0
SH.688122,2022-01-18 11:30:00,83.52,82.58,83.67,82.42,198100.0
SH.688122,2022-01-18 13:30:00,82.58,82.4,82.69,82.3,290800.0
SH.688122,2022-01-18 14:00:00,82.59,82.56,82.69,82.29,207100.0
SH.688122,2022-01-18 14:30:00,82.68,82.69,83.0,82.45,149600.0
SH.688122,2022-01-18 15:00:00,82.51,82.56,82.75,82.45,249200.0
SH.688122,2022-01-19 10:00:00,83.5,81.51,83.69,80.9,836300.0
SH.688122,2022-01-19 10:30:00,81.55,81.02,81.79,81.0,400500.0
SH.688122,2022-01-19 11:00:00,81.0,81.27,81.45,79.6,850200.0
SH.688122,2022-01-19 11:30:00,81.26,81.24,81.75,80.92,338500.0
SH.688122,2022-01-19 13:30:00,81.18,80.32,81.32,80.2,369100.0
SH.688122,2022-01-19 14:00:00,80.49,80.46,81.2,80.24,499700.0
SH.688122,2022-01-19 14:30:00,80.74,80.7,81.06,80.07,1146000.0
SH.688122,2022-01-19 15:00:00,80.73,80.95,81.35,80.65,796000.0
SH.688122,2022-01-20 10:00:00,80.95,79.7,81.58,79.51,774000.0
SH.688122,2022-01-20 10:30:00,79.7,79.22,80.0,79.04,322500.0
SH.688122,2022-01-20 11:00:00,79.2,79.49,80.01,78.87,451700.0
SH.688122,2022-01-20 11:30:00,79.33,80.36,80.43,79.29,348000.0
SH.688122,2022-01-20 13:30:00,80.36,80.0,80.48,79.71,382000.0
SH.688122,2022-01-20 14:00:00,79.99,79.98,80.2,79.76,281600.0
SH.688122,2022-01-20 14:30:00,79.93,79.45,80.19,79.1,375000.0
SH.688122,2022-01-20 15:00:00,79.3,79.46,79.86,79.2,223800.0
SH.688122,2022-01-21 10:00:00,79.24,78.0,79.24,75.66,3110400.0
SH.688122,2022-01-21 10:30:00,78.07,78.95,79.16,77.6,735800.0
SH.688122,2022-01-21 11:00:00,78.69,77.5,78.83,77.5,511900.0
SH.688122,2022-01-21 11:30:00,77.56,76.88,77.64,76.66,648900.0
SH.688122,2022-01-21 13:30:00,76.81,77.15,77.98,76.75,315700.0
SH.688122,2022-01-21 14:00:00,77.44,77.2,77.99,76.9,674500.0
SH.688122,2022-01-21 14:30:00,77.51,76.99,77.51,76.65,653000.0
SH.688122,2022-01-21 15:00:00,77.17,76.99,77.68,76.83,509400.0
SH.688122,2022-01-24 10:00:00,74.8,75.9,76.9,74.1,2577900.0
SH.688122,2022-01-24 10:30:00,75.99,75.69,76.3,74.66,1306900.0
SH.688122,2022-01-24 11:00:00,75.69,76.11,76.2,75.42,868900.0
SH.688122,2022-01-24 11:30:00,76.1,76.1,76.45,75.7,895000.0
SH.688122,2022-01-24 13:30:00,76.13,75.8,76.25,75.63,651200.0
SH.688122,2022-01-24 14:00:00,75.79,77.48,77.53,75.76,742900.0
SH.688122,2022-01-24 14:30:00,77.48,78.47,78.48,77.32,811500.0
SH.688122,2022-01-24 15:00:00,78.48,77.8,78.77,77.52,759900.0
SH.688122,2022-01-25 10:00:00,78.64,80.13,81.17,78.0,1819200.0
SH.688122,2022-01-25 10:30:00,80.13,78.68,80.49,78.6,706100.0
SH.688122,2022-01-25 11:00:00,78.7,78.67,78.8,77.6,457500.0
SH.688122,2022-01-25 11:30:00,78.62,77.79,78.62,77.23,202000.0
SH.688122,2022-01-25 13:30:00,77.72,77.33,77.86,77.3,297400.0
SH.688122,2022-01-25 14:00:00,77.32,77.7,78.3,77.16,387700.0
SH.688122,2022-01-25 14:30:00,77.7,76.97,77.93,76.66,401800.0
SH.688122,2022-01-25 15:00:00,76.95,76.32,77.19,75.8,752400.0
SH.688122,2022-01-26 10:00:00,76.67,75.32,77.86,75.3,772200.0
SH.688122,2022-01-26 10:30:00,75.32,76.16,76.77,75.22,515300.0
SH.688122,2022-01-26 11:00:00,76.16,75.8,76.45,75.8,361900.0
SH.688122,2022-01-26 11:30:00,75.81,75.5,76.1,75.42,317700.0
SH.688122,2022-01-26 13:30:00,75.52,75.01,75.63,74.63,531400.0
SH.688122,2022-01-26 14:00:00,75.05,75.2,75.93,75.0,301300.0
SH.688122,2022-01-26 14:30:00,75.31,75.44,75.77,75.0,380500.0
SH.688122,2022-01-26 15:00:00,75.44,76.06,76.1,75.23,571900.0
SH.688122,2022-01-27 10:00:00,75.77,75.58,77.01,75.51,575600.0
SH.688122,2022-01-27 10:30:00,75.6,74.98,75.91,74.88,502900.0
SH.688122,2022-01-27 11:00:00,74.95,74.7,75.49,74.65,565400.0
SH.688122,2022-01-27 11:30:00,74.71,74.91,75.49,74.7,405000.0
SH.688122,2022-01-27 13:30:00,74.89,74.55,74.97,74.23,770500.0
SH.688122,2022-01-27 14:00:00,74.54,75.3,75.35,74.36,468200.0
SH.688122,2022-01-27 14:30:00,75.12,74.98,75.21,74.5,302300.0
SH.688122,2022-01-27 15:00:00,75.03,74.78,75.47,74.67,482500.0
SH.688122,2022-01-28 10:00:00,77.31,78.2,80.75,76.88,3452600.0
SH.688122,2022-01-28 10:30:00,78.2,81.0,81.0,78.05,1623000.0
SH.688122,2022-01-28 11:00:00,80.98,81.73,81.98,80.3,1272700.0
SH.688122,2022-01-28 11:30:00,81.73,82.53,82.68,81.0,1095900.0
SH.688122,2022-01-28 13:30:00,82.15,83.5,83.76,82.14,642900.0
SH.688122,2022-01-28 14:00:00,83.49,83.22,83.49,82.22,541100.0
SH.688122,2022-01-28 14:30:00,83.22,82.5,83.3,82.0,637500.0
SH.688122,2022-01-28 15:00:00,82.5,81.0,82.5,80.5,1112600.0
SH.688122,2022-02-07 10:00:00,82.4,80.54,82.4,80.0,1447300.0
SH.688122,2022-02-07 10:30:00,80.39,78.66,80.92,78.17,1551700.0
SH.688122,2022-02-07 11:00:00,78.6,77.98,79.07,77.64,724900.0
SH.688122,2022-02-07 11:30:00,77.98,77.46,78.04,77.36,483100.0
SH.688122,2022-02-07 13:30:00,77.56,77.7,78.4,77.4,784400.0
SH.688122,2022-02-07 14:00:00,77.71,77.25,77.78,76.89,615700.0
SH.688122,2022-02-07 14:30:00,77.33,76.92,77.53,76.6,617200.0
SH.688122,2022-02-07 15:00:00,76.92,77.1,77.29,76.89,696300.0
SH.688122,2022-02-08 10:00:00,77.92,76.22,77.92,75.76,880500.0
SH.688122,2022-02-08 10:30:00,76.23,75.14,77.14,74.77,817400.0
SH.688122,2022-02-08 11:00:00,75.32,74.04,75.35,73.07,844200.0
SH.688122,2022-02-08 11:30:00,73.97,73.87,74.02,73.3,490000.0
SH.688122,2022-02-08 13:30:00,73.76,74.47,74.77,73.44,736000.0
SH.688122,2022-02-08 14:00:00,74.43,75.48,75.7,74.29,644100.0
SH.688122,2022-02-08 14:30:00,75.49,75.73,75.88,74.8,631100.0
SH.688122,2022-02-08 15:00:00,75.68,76.26,76.49,75.5,755500.0
SH.688122,2022-02-09 10:00:00,76.0,77.09,77.6,75.49,885600.0
SH.688122,2022-02-09 10:30:00,77.0,79.15,79.17,76.38,747300.0
SH.688122,2022-02-09 11:00:00,78.99,79.71,80.32,78.82,1004000.0
SH.688122,2022-02-09 11:30:00,79.71,79.6,80.37,79.52,413200.0
SH.688122,2022-02-09 13:30:00,79.6,79.96,79.99,79.0,337800.0
SH.688122,2022-02-09 14:00:00,79.99,79.7,80.0,79.3,251800.0
SH.688122,2022-02-09 14:30:00,79.7,79.88,80.16,79.66,260900.0
SH.688122,2022-02-09 15:00:00,79.85,79.71,79.95,79.48,385300.0
SH.688122,2022-02-10 10:00:00,79.8,78.94,80.0,78.37,618400.0
SH.688122,2022-02-10 10:30:00,78.9,77.66,79.43,77.51,504100.0
SH.688122,2022-02-10 11:00:00,77.86,77.61,78.25,77.08,563300.0
SH.688122,2022-02-10 11:30:00,77.65,77.11,78.2,77.11,346400.0
SH.688122,2022-02-10 13:30:00,77.08,76.25,77.29,76.23,442900.0
SH.688122,2022-02-10 14:00:00,76.26,76.39,76.8,76.0,722300.0
SH.688122,2022-02-10 14:30:00,76.44,77.66,77.8,76.31,907500.0
SH.688122,2022-02-10 15:00:00,77.75,77.68,77.9,77.13,530400.0
SH.688122,2022-02-11 10:00:00,77.3,77.0,77.98,76.1,428100.0
SH.688122,2022-02-11 10:30:00,77.02,77.58,78.5,77.0,426200.0
SH.688122,2022-02-11 11:00:00,77.64,78.49,78.58,77.27,374700.0
SH.688122,2022-02-11 11:30:00,78.41,77.45,78.87,77.45,340900.0
SH.688122,2022-02-11 13:30:00,77.46,76.58,77.64,76.58,261300.0
SH.688122,2022-02-11 14:00:00,76.57,76.87,76.99,76.52,199800.0
SH.688122,2022-02-11 14:30:00,76.62,76.23,76.89,76.03,295000.0
SH.688122,2022-02-11 15:00:00,76.23,76.4,76.78,76.15,352700.0
SH.688122,2022-02-14 10:00:00,76.65,78.91,79.48,76.0,1209000.0
SH.688122,2022-02-14 10:30:00,78.85,78.29,79.39,78.08,596100.0
SH.688122,2022-02-14 11:00:00,78.28,77.1,78.44,77.08,396900.0
SH.688122,2022-02-14 11:30:00,77.1,76.77,77.7,76.67,244700.0
SH.688122,2022-02-14 13:30:00,76.76,77.26,77.4,76.58,250500.0
SH.688122,2022-02-14 14:00:00,77.15,76.39,77.4,76.2,346500.0
SH.688122,2022-02-14 14:30:00,76.36,76.47,76.84,76.25,257800.0
SH.688122,2022-02-14 15:00:00,76.32,76.5,76.7,75.9,339600.0
SH.688122,2022-02-15 10:00:00,76.55,79.22,79.35,76.55,1037500.0
SH.688122,2022-02-15 10:30:00,79.06,79.51,80.18,78.69,891800.0
SH.688122,2022-02-15 11:00:00,79.3,78.81,79.83,78.71,693700.0
SH.688122,2022-02-15 11:30:00,78.81,78.85,79.57,78.75,670000.0
SH.688122,2022-02-15 13:30:00,78.96,78.74,78.96,78.19,231800.0
SH.688122,2022-02-15 14:00:00,78.75,79.01,79.18,78.75,207600.0
SH.688122,2022-02-15 14:30:00,79.01,78.88,79.12,78.63,238900.0
SH.688122,2022-02-15 15:00:00,78.89,79.05,79.5,78.87,759200.0
SH.688122,2022-02-16 10:00:00,79.02,78.28,79.82,77.31,953900.0
SH.688122,2022-02-16 10:30:00,78.39,78.56,79.81,78.14,488100.0
SH.688122,2022-02-16 11:00:00,78.56,78.08,78.59,77.88,291200.0
SH.688122,2022-02-16 11:30:00,78.16,78.22,78.42,77.98,94600.0
SH.688122,2022-02-16 13:30:00,78.26,77.93,78.26,77.9,196900.0
SH.688122,2022-02-16 14:00:00,77.93,77.96,78.29,77.77,196200.0
SH.688122,2022-02-16 14:30:00,77.97,77.62,78.05,77.4,274400.0
SH.688122,2022-02-16 15:00:00,77.62,77.45,77.68,77.22,411600.0
SH.688122,2022-02-17 10:00:00,77.47,76.49,77.85,76.06,700200.0
SH.688122,2022-02-17 10:30:00,76.6,76.24,76.96,76.06,417700.0
SH.688122,2022-02-17 11:00:00,76.35,77.72,77.88,76.12,335400.0
SH.688122,2022-02-17 11:30:00,77.81,78.67,78.68,77.71,454200.0
SH.688122,2022-02-17 13:30:00,78.66,77.44,79.0,77.33,918800.0
SH.688122,2022-02-17 14:00:00,77.44,78.35,78.38,77.44,386500.0
SH.688122,2022-02-17 14:30:00,78.33,77.99,78.34,77.52,243400.0
SH.688122,2022-02-17 15:00:00,77.99,78.04,78.09,77.6,196800.0
SH.688122,2022-02-18 10:00:00,77.73,76.73,78.04,76.36,657800.0
SH.688122,2022-02-18 10:30:00,76.63,76.53,77.5,76.41,396600.0
SH.688122,2022-02-18 11:00:00,76.43,77.68,77.68,76.4,425300.0
SH.688122,2022-02-18 11:30:00,77.62,77.26,77.95,76.75,396800.0
SH.688122,2022-02-18 13:30:00,77.08,76.9,77.39,76.51,643500.0
SH.688122,2022-02-18 14:00:00,76.81,77.43,77.59,76.81,647400.0
SH.688122,2022-02-18 14:30:00,77.5,78.12,78.12,77.31,528000.0
SH.688122,2022-02-18 15:00:00,78.1,78.34,78.79,77.92,667100.0
SH.688122,2022-02-21 10:00:00,78.34,78.78,79.05,77.56,1237300.0
SH.688122,2022-02-21 10:30:00,78.7,76.78,78.7,76.77,584500.0
SH.688122,2022-02-21 11:00:00,76.78,76.08,76.79,75.88,631000.0
SH.688122,2022-02-21 11:30:00,76.08,76.19,76.7,76.02,229300.0
SH.688122,2022-02-21 13:30:00,76.19,76.65,76.89,75.98,468800.0
SH.688122,2022-02-21 14:00:00,76.59,76.5,76.8,76.41,360100.0
SH.688122,2022-02-21 14:30:00,76.5,76.13,76.85,76.0,565000.0
SH.688122,2022-02-21 15:00:00,76.14,76.8,76.88,75.83,764900.0
SH.688122,2022-02-22 10:00:00,77.77,73.87,77.77,73.71,1435500.0
SH.688122,2022-02-22 10:30:00,73.86,74.04,74.73,73.86,518800.0
SH.688122,2022-02-22 11:00:00,74.04,74.14,74.47,73.7,337800.0
SH.688122,2022-02-22 11:30:00,74.13,73.93,74.45,73.9,220900.0
SH.688122,2022-02-22 13:30:00,73.93,74.24,74.43,73.77,341200.0
SH.688122,2022-02-22 14:00:00,74.29,74.15,74.41,73.9,266400.0
SH.688122,2022-02-22 14:30:00,74.02,74.0,74.27,73.9,240900.0
SH.688122,2022-02-22 15:00:00,74.08,74.14,74.26,73.99,617600.0
SH.688122,2022-02-23 10:00:00,73.8,78.02,78.1,73.8,2693600.0
SH.688122,2022-02-23 10:30:00,78.1,78.28,78.32,76.7,981800.0
SH.688122,2022-02-23 11:00:00,78.31,79.97,79.99,78.31,1379500.0
SH.688122,2022-02-23 11:30:00,79.81,79.94,81.5,79.8,1059500.0
SH.688122,2022-02-23 13:30:00,79.92,80.55,80.86,79.2,684800.0
SH.688122,2022-02-23 14:00:00,80.55,80.5,80.78,80.13,455400.0
SH.688122,2022-02-23 14:30:00,80.5,80.14,80.63,80.11,406700.0
SH.688122,2022-02-23 15:00:00,80.14,80.06,80.61,79.57,615400.0
SH.688122,2022-02-24 10:00:00,79.8,79.45,80.88,78.66,987300.0
SH.688122,2022-02-24 10:30:00,79.52,79.63,80.0,79.31,304900.0
SH.688122,2022-02-24 11:00:00,79.63,80.3,80.6,79.58,409900.0
SH.688122,2022-02-24 11:30:00,80.19,79.33,80.31,79.11,576400.0
SH.688122,2022-02-24 13:30:00,79.3,80.19,81.01,78.35,1003700.0
SH.688122,2022-02-24 14:00:00,80.19,80.88,81.66,79.11,1096100.0
SH.688122,2022-02-24 14:30:00,80.8,79.95,80.8,78.88,837800.0
SH.688122,2022-02-24 15:00:00,79.84,80.36,80.53,79.82,658200.0
SH.688122,2022-02-25 10:00:00,80.34,80.5,80.92,79.3,871500.0
SH.688122,2022-02-25 10:30:00,80.6,83.21,83.29,80.01,1356500.0
SH.688122,2022-02-25 11:00:00,83.12,83.44,83.57,82.19,711300.0
SH.688122,2022-02-25 11:30:00,83.43,81.8,83.43,81.8,694900.0
SH.688122,2022-02-25 13:30:00,81.68,82.8,82.88,81.52,1095800.0
SH.688122,2022-02-25 14:00:00,82.8,82.95,83.5,82.65,720000.0
SH.688122,2022-02-25 14:30:00,82.95,83.05,83.18,82.5,601200.0
SH.688122,2022-02-25 15:00:00,83.05,82.72,83.09,82.22,481100.0
SH.688122,2022-02-28 10:00:00,85.22,85.12,86.22,83.76,2528100.0
SH.688122,2022-02-28 10:30:00,85.18,86.1,86.63,84.26,1526600.0
SH.688122,2022-02-28 11:00:00,86.15,84.97,86.27,84.88,865400.0
SH.688122,2022-02-28 11:30:00,84.97,85.31,85.5,84.66,579400.0
SH.688122,2022-02-28 13:30:00,85.11,85.22,85.67,84.69,688700.0
SH.688122,2022-02-28 14:00:00,85.31,84.28,85.31,84.11,573200.0
SH.688122,2022-02-28 14:30:00,84.28,84.92,85.07,84.11,529400.0
SH.688122,2022-02-28 15:00:00,84.98,85.93,85.93,84.6,818600.0
